<?xml version="1.0" encoding="UTF-8"?>
<project-private xmlns="http://www.netbeans.org/ns/project-private/1">
    <open-files xmlns="http://www.netbeans.org/ns/projectui-open-files/2">
        <group>
            <file>file:/C:/Users/ASUS/Documents/ITS/ngoding%20tapi%20java/OOPinterfaceBankAccountHanifiAbrarSetiawan/src/oopinterfacebankaccountvijawildangitaprabawa/OOPinterfaceBankAccountHanifiAbrarSetiawan.java</file>
            <file>file:/C:/Users/ASUS/Documents/ITS/ngoding%20tapi%20java/OOPinterfaceBankAccountHanifiAbrarSetiawan/src/oopinterfacebankaccountvijawildangitaprabawa/AbstractBankAccount.java</file>
            <file>file:/C:/Users/ASUS/Documents/ITS/ngoding%20tapi%20java/OOPinterfaceBankAccountHanifiAbrarSetiawan/src/oopinterfacebankaccountvijawildangitaprabawa/CreditAccount.java</file>
            <file>file:/C:/Users/ASUS/Documents/ITS/ngoding%20tapi%20java/OOPinterfaceBankAccountHanifiAbrarSetiawan/src/oopinterfacebankaccountvijawildangitaprabawa/InterfaceBankAccount.java</file>
            <file>file:/C:/Users/ASUS/Documents/ITS/ngoding%20tapi%20java/OOPinterfaceBankAccountHanifiAbrarSetiawan/src/oopinterfacebankaccountvijawildangitaprabawa/Account.java</file>
        </group>
    </open-files>
</project-private>
